,first_level,SoldAfterDays,CountEntity,Average Amount,Rank_SoldAfterDays,Rank_CountEntity,Rank_Average_Amount,Score
2,Other,76.765899864682,739,1859.5097744360903,5.0,1.0,2.0,2.6666666666666665
5,"Roof, Slabs, Stairs",78.38414634146342,328,2320.0955631399315,6.0,2.0,1.0,3.0
4,"Wall, Barriers, Pannels",69.63207547169812,106,500.2772277227723,3.0,4.0,3.0,3.3333333333333335
1,Openings,75.89189189189189,185,67.45197740112994,4.0,3.0,5.0,4.0
6,Structural elements,56.5,12,9.75,1.0,6.0,6.0,4.333333333333333
0,Furnishings,84.91780821917808,73,90.08955223880596,7.0,5.0,4.0,5.333333333333333
3,Technical elements,68.75,4,1.25,2.0,7.0,7.0,5.333333333333333
