,first_level,SoldAfterDays,CountEntity,Rank_SoldAfterDays,Rank_CountEntity,Score
2,Other,106.16496598639456,1176,4.0,1.0,5.0
4,Furnishings,93.9375,240,1.0,5.0,6.0
1,Technical elements,105.42525773195877,388,3.0,4.0,7.0
0,"Wall, Barriers, Pannels",110.66863905325444,1014,6.0,2.0,8.0
3,"Roof, Slabs, Stairs",107.26679841897233,506,5.0,3.0,8.0
5,Structural elements,101.86206896551724,58,2.0,6.0,8.0
6,Openings,133.1764705882353,34,7.0,7.0,14.0
