,second_level,SoldAfterDays,CountEntity,Average Amount,Rank_SoldAfterDays,Rank_CountEntity,Rank_Average_Amount,Score
0,"Door, Windows, Gates",58.30569948186528,579,30.713503649635037,1.0,1.0,5.0,2.3333333333333335
3,Other,70.85641025641026,195,4622.765957446809,2.0,4.0,1.0,2.3333333333333335
1,"Covering, Finish",89.98534798534799,273,4241.518367346939,4.0,3.0,2.0,3.0
2,"Blocks, Panels, Fences, Bricks",95.13698630136986,292,241.46218487394958,5.0,2.0,3.0,3.3333333333333335
5,Furnishings,75.54545454545455,11,185.2,3.0,6.0,4.0,4.333333333333333
4,"Floors, Ceiling",105.77319587628865,97,15.894736842105264,6.0,5.0,6.0,5.666666666666667
