,second_level,SoldAfterDays,CountEntity,Rank_SoldAfterDays,Rank_CountEntity,Score
1,Other,105.39256678281069,1722,3.0,1.0,4.0
2,"Blocks, Panels, Fences, Bricks",112.57826086956521,460,4.0,2.0,6.0
6,Furnishings,86.85281385281385,231,1.0,5.0,6.0
4,"Floors, Ceiling",98.75384615384615,195,2.0,6.0,8.0
0,"Door, Windows, Gates",112.71153846153847,312,5.0,4.0,9.0
3,"Covering, Finish",114.67481662591688,409,6.0,3.0,9.0
5,"Stairs, Ramps, Lift, Hardware",121.50574712643679,87,7.0,7.0,14.0
